/*
 Navicat Premium Dump SQL

 Source Server         : tianji
 Source Server Type    : MySQL
 Source Server Version : 80029 (8.0.29)
 Source Host           : 192.168.150.101:3306
 Source Schema         : tj_trade

 Target Server Type    : MySQL
 Target Server Version : 80029 (8.0.29)
 File Encoding         : 65001

 Date: 26/08/2025 22:04:41
*/

SET NAMES utf8mb4;
SET FOREIGN_KEY_CHECKS = 0;

-- ----------------------------
-- Table structure for cart
-- ----------------------------
DROP TABLE IF EXISTS `cart`;
CREATE TABLE `cart`  (
  `id` bigint NOT NULL COMMENT '购物车条目id',
  `user_id` bigint NOT NULL COMMENT '用户id',
  `course_id` bigint NOT NULL COMMENT '课程id',
  `cover_url` varchar(255) CHARACTER SET utf8mb4 COLLATE utf8mb4_0900_ai_ci NOT NULL COMMENT '课程封面路径',
  `course_name` varchar(255) CHARACTER SET utf8mb4 COLLATE utf8mb4_0900_ai_ci NOT NULL COMMENT '课程名称',
  `price` int NOT NULL COMMENT '单价',
  `create_time` datetime NOT NULL DEFAULT CURRENT_TIMESTAMP COMMENT '创建时间',
  `update_time` datetime NOT NULL DEFAULT CURRENT_TIMESTAMP ON UPDATE CURRENT_TIMESTAMP COMMENT '更新时间',
  PRIMARY KEY (`id`) USING BTREE
) ENGINE = InnoDB CHARACTER SET = utf8mb4 COLLATE = utf8mb4_0900_ai_ci COMMENT = '购物车条目信息，也就是购物车中的课程' ROW_FORMAT = Dynamic;

-- ----------------------------
-- Records of cart
-- ----------------------------
INSERT INTO `cart` VALUES (1934130654992773121, 129, 1932343488323010562, 'http://192.168.150.101:9000/tianji/2025/06/10/2c741875b61646ac9141d47d5d5889b0.jpg', '天津中德职业规划课', 100, '2025-06-15 14:07:38', '2025-06-15 14:07:38');

-- ----------------------------
-- Table structure for order
-- ----------------------------
DROP TABLE IF EXISTS `order`;
CREATE TABLE `order`  (
  `id` bigint NOT NULL COMMENT '订单id',
  `user_id` bigint NOT NULL COMMENT '用户id',
  `pay_order_no` bigint NULL DEFAULT NULL COMMENT '交易流水支付单号',
  `status` tinyint NOT NULL DEFAULT 1 COMMENT '订单状态，1：待支付，2：已支付，3：已关闭，4：已完成，5：已报名，6：已申请退款',
  `message` varchar(255) CHARACTER SET utf8mb4 COLLATE utf8mb4_0900_ai_ci NOT NULL DEFAULT '' COMMENT '状态备注',
  `total_amount` int NOT NULL COMMENT '订单总金额，单位分',
  `real_amount` int NOT NULL COMMENT '实付金额，单位分',
  `discount_amount` int NOT NULL DEFAULT 0 COMMENT '优惠金额，单位分',
  `pay_channel` varchar(20) CHARACTER SET utf8mb4 COLLATE utf8mb4_0900_ai_ci NULL DEFAULT '' COMMENT '支付渠道',
  `coupon_ids` json NULL COMMENT '优惠券id',
  `create_time` datetime NOT NULL DEFAULT CURRENT_TIMESTAMP COMMENT '创建订单时间',
  `pay_time` datetime NULL DEFAULT NULL COMMENT '支付时间',
  `close_time` datetime NULL DEFAULT NULL COMMENT '订单关闭时间',
  `finish_time` datetime NULL DEFAULT NULL COMMENT '订单完成时间，支付后30天',
  `refund_time` datetime NULL DEFAULT NULL COMMENT '申请退款时间',
  `update_time` datetime NOT NULL DEFAULT CURRENT_TIMESTAMP ON UPDATE CURRENT_TIMESTAMP COMMENT '更新时间',
  `creater` bigint NOT NULL COMMENT '创建人',
  `updater` bigint NOT NULL COMMENT '更新人',
  `deleted` tinyint NOT NULL DEFAULT 0 COMMENT '逻辑删除',
  PRIMARY KEY (`id`) USING BTREE
) ENGINE = InnoDB CHARACTER SET = utf8mb4 COLLATE = utf8mb4_0900_ai_ci COMMENT = '订单' ROW_FORMAT = Dynamic;

-- ----------------------------
-- Records of order
-- ----------------------------
INSERT INTO `order` VALUES (1564802575146967041, 2, NULL, 3, '用户取消订单', 20000, 20000, 0, '', NULL, '2022-08-31 10:29:42', NULL, '2022-08-31 11:00:36', NULL, NULL, '2023-04-13 15:08:44', 2, 2, 0);
INSERT INTO `order` VALUES (1564813681701732354, 2, NULL, 3, '超时关闭', 250, 250, 0, '', NULL, '2022-08-31 11:13:50', NULL, '2022-08-31 11:43:50', NULL, NULL, '2023-10-13 16:52:49', 2, 2, 1);
INSERT INTO `order` VALUES (1564890487310106626, 2, 1564900201771053057, 6, '已申请退款', 150, 150, 0, 'aliPay', NULL, '2022-08-31 16:39:02', '2022-08-31 16:58:04', NULL, NULL, '2022-08-31 18:34:04', '2022-09-05 15:10:50', 2, 2, 0);
INSERT INTO `order` VALUES (1564936237008142338, 2, 1564936293425733633, 2, '用户支付成功', 200, 200, 0, 'aliPay', NULL, '2022-08-31 19:20:49', '2022-08-31 19:21:32', NULL, NULL, '2022-08-31 19:28:22', '2022-11-28 14:04:41', 5, 0, 0);
INSERT INTO `order` VALUES (1564966779539763201, 129, 1564966915594645506, 6, '已申请退款', 150, 150, 0, 'aliPay', NULL, '2022-08-31 21:22:11', '2022-08-31 21:23:13', NULL, NULL, '2022-08-31 21:42:40', '2022-11-29 15:22:09', 5, 1, 0);
INSERT INTO `order` VALUES (1564972284802809858, 129, 1564972354021486594, 6, '已申请退款', 100, 100, 0, 'wxPay', NULL, '2022-08-31 21:44:04', '2022-08-31 21:44:43', NULL, NULL, '2022-08-31 21:46:13', '2022-11-29 15:22:10', 5, 1, 0);
INSERT INTO `order` VALUES (1564976544881885185, 129, 1564976768236969985, 6, '已申请退款', 200, 200, 0, 'wxPay', NULL, '2022-08-31 22:00:59', '2022-08-31 22:02:16', NULL, NULL, '2022-08-31 22:04:12', '2022-11-29 16:08:01', 5, 1, 0);
INSERT INTO `order` VALUES (1585094394241888257, 129, 1585094474797690882, 6, '学员申请退款', 100, 100, 0, 'wxPay', NULL, '2022-10-26 10:22:16', '2022-10-26 10:22:41', NULL, NULL, '2022-10-26 10:37:52', '2022-11-29 16:07:58', 5, 5, 0);
INSERT INTO `order` VALUES (1585119741775749122, 129, 1585120188968230913, 6, '学员申请退款', 100, 100, 0, 'wxPay', NULL, '2022-10-26 12:04:36', '2022-10-26 12:04:52', NULL, NULL, '2022-10-26 14:33:53', '2022-11-29 15:22:12', 5, 5, 0);
INSERT INTO `order` VALUES (1585159419128225794, 129, 1585159465781452801, 6, '学员申请退款', 100, 100, 0, 'aliPay', NULL, '2022-10-26 14:40:35', '2022-10-26 14:41:10', NULL, NULL, '2022-10-26 14:42:41', '2022-11-29 15:22:13', 5, 5, 0);
INSERT INTO `order` VALUES (1585167979069325314, 129, 1585168008492376066, 6, '管理员直接退款', 100, 100, 0, 'wxPay', NULL, '2022-10-26 15:14:33', '2022-10-26 15:14:54', NULL, NULL, '2025-05-18 13:07:53', '2025-05-18 13:07:58', 5, 5, 0);
INSERT INTO `order` VALUES (1589930049848053761, 129, NULL, 5, '免费报名', 0, 0, 0, '', NULL, '2022-11-08 18:37:18', NULL, NULL, '2022-11-08 18:37:18', NULL, '2023-04-13 15:08:43', 5, 5, 0);
INSERT INTO `order` VALUES (1597502678241378305, 129, NULL, 3, '用户取消订单', 10, 10, 0, '', NULL, '2022-11-29 16:08:16', NULL, '2022-11-29 16:26:50', NULL, NULL, '2023-10-13 19:07:39', 129, 129, 1);
INSERT INTO `order` VALUES (1715984046255894530, 2, NULL, 5, '免费报名', 0, 0, 0, '', NULL, '2023-10-22 14:50:52', NULL, NULL, '2023-10-22 14:50:53', NULL, '2023-10-22 14:50:52', 2, 2, 0);
INSERT INTO `order` VALUES (1716041035598131202, 2, NULL, 5, '免费报名', 0, 0, 0, '', NULL, '2023-10-22 18:37:20', NULL, NULL, '2023-10-22 18:37:20', NULL, '2023-10-22 18:37:20', 2, 2, 0);
INSERT INTO `order` VALUES (1716100167218884609, 2, NULL, 5, '免费报名', 0, 0, 0, '', NULL, '2023-10-22 22:32:18', NULL, NULL, '2023-10-22 22:32:18', NULL, '2023-10-22 22:32:18', 2, 2, 0);
INSERT INTO `order` VALUES (1716105683760443393, 2, NULL, 5, '免费报名', 0, 0, 0, '', NULL, '2023-10-22 22:54:13', NULL, NULL, '2023-10-22 22:54:13', NULL, '2023-10-22 22:54:13', 2, 2, 0);
INSERT INTO `order` VALUES (1716106628514836481, 2, NULL, 5, '免费报名', 0, 0, 0, '', NULL, '2023-10-22 22:57:58', NULL, NULL, '2023-10-22 22:57:59', NULL, '2023-10-22 22:57:58', 2, 2, 0);
INSERT INTO `order` VALUES (1716107459486150657, 2, NULL, 5, '免费报名', 0, 0, 0, '', NULL, '2023-10-22 23:01:16', NULL, NULL, '2023-10-22 23:01:17', NULL, '2023-10-22 23:01:16', 2, 2, 0);
INSERT INTO `order` VALUES (1716109949413748738, 2, NULL, 5, '免费报名', 0, 0, 0, '', NULL, '2023-10-22 23:11:10', NULL, NULL, '2023-10-22 23:11:10', NULL, '2023-10-22 23:11:10', 2, 2, 0);
INSERT INTO `order` VALUES (1716110577926008833, 2, NULL, 5, '免费报名', 0, 0, 0, '', NULL, '2023-10-22 23:13:40', NULL, NULL, '2023-10-22 23:13:40', NULL, '2023-10-22 23:13:40', 2, 2, 0);
INSERT INTO `order` VALUES (1716416132239400961, 2, NULL, 5, '免费报名', 0, 0, 0, '', NULL, '2023-10-23 19:27:50', NULL, NULL, '2023-10-23 19:27:50', NULL, '2023-10-23 19:27:50', 2, 2, 0);
INSERT INTO `order` VALUES (1717050109652443137, 129, NULL, 5, '免费报名', 0, 0, 0, '', NULL, '2023-10-25 13:27:02', NULL, NULL, '2023-10-25 13:27:02', NULL, '2023-10-25 13:27:02', 129, 129, 0);
INSERT INTO `order` VALUES (1719319170992685057, 2, NULL, 3, '用户取消订单', 42900, 42900, 0, '', NULL, '2023-10-31 19:45:40', NULL, '2023-10-31 19:45:52', NULL, NULL, '2023-10-31 19:46:09', 2, 2, 1);
INSERT INTO `order` VALUES (1719319670383296514, 2, NULL, 3, '用户取消订单', 42900, 42900, 0, '', NULL, '2023-10-31 19:45:46', NULL, '2023-10-31 19:45:57', NULL, NULL, '2023-10-31 19:46:14', 2, 2, 1);
INSERT INTO `order` VALUES (1719339341522264065, 2, NULL, 2, '下单', 10000, 10000, 0, '', NULL, '2023-10-31 21:03:56', '2025-06-01 14:10:23', NULL, NULL, NULL, '2025-06-01 14:10:25', 2, 2, 0);
INSERT INTO `order` VALUES (1719339464688001026, 2, NULL, 1, '下单', 10000, 10000, 0, '', NULL, '2023-10-31 21:04:28', NULL, NULL, NULL, NULL, '2023-10-31 21:04:28', 2, 2, 0);
INSERT INTO `order` VALUES (1719376502464307202, 2, NULL, 6, '学员申请退款', 29900, 29900, 0, '', NULL, '2023-10-31 23:31:44', NULL, NULL, NULL, '2025-06-01 12:55:11', '2025-06-01 12:55:10', 2, 2, 0);
INSERT INTO `order` VALUES (1719562796716859393, 2, NULL, 4, '已完成', 20000, 20000, 0, '', NULL, '2023-11-01 11:53:41', NULL, NULL, NULL, NULL, '2025-06-01 12:53:17', 2, 2, 0);
INSERT INTO `order` VALUES (1719569076877598721, 2, NULL, 2, '下单', 24900, 24900, 0, '', NULL, '2025-06-03 14:57:00', NULL, NULL, NULL, '2025-06-03 14:58:11', '2025-06-03 15:14:57', 2, 2, 0);
INSERT INTO `order` VALUES (1719569256532221954, 2, NULL, 1, '下单', 24900, 24900, 0, '', NULL, '2023-11-01 12:17:34', NULL, NULL, NULL, NULL, '2023-11-01 12:17:34', 2, 2, 0);
INSERT INTO `order` VALUES (1719569428997808129, 2, NULL, 1, '下单', 24900, 24900, 0, '', NULL, '2025-06-03 15:18:31', NULL, NULL, NULL, NULL, '2025-06-03 15:15:36', 2, 2, 0);
INSERT INTO `order` VALUES (1719587933876944897, 2, NULL, 1, '下单', 42900, 42900, 0, '', NULL, '2023-11-01 13:31:47', NULL, NULL, NULL, NULL, '2023-11-01 13:31:47', 2, 2, 0);
INSERT INTO `order` VALUES (1719592679048224770, 2, NULL, 6, '学员申请退款', 10100, 10100, 0, '', NULL, '2025-06-03 15:50:38', NULL, NULL, NULL, '2025-06-03 14:42:45', '2025-06-03 14:42:47', 2, 2, 0);
INSERT INTO `order` VALUES (1719592705925324802, 2, NULL, 3, '用户取消订单', 10100, 10100, 0, '', NULL, '2023-11-01 13:51:03', NULL, '2025-06-01 14:29:58', NULL, NULL, '2023-11-01 13:51:03', 2, 2, 0);
INSERT INTO `order` VALUES (1719592804386611201, 2, NULL, 3, '下单', 10100, 10100, 0, '', NULL, '2023-11-01 13:53:32', NULL, NULL, NULL, NULL, '2025-06-01 14:03:05', 2, 2, 0);
INSERT INTO `order` VALUES (1719594835126005762, 2, NULL, 3, '下单', 10100, 10100, 0, '', NULL, '2025-06-03 13:59:12', NULL, NULL, NULL, NULL, '2025-06-03 13:46:38', 2, 2, 0);
INSERT INTO `order` VALUES (1719594860807729154, 2, NULL, 3, '用户取消订单', 10100, 10100, 0, '', NULL, '2023-11-01 14:23:39', NULL, '2023-11-01 14:36:00', NULL, NULL, '2023-11-01 14:36:24', 2, 2, 1);
INSERT INTO `order` VALUES (1923972695566438401, 2, NULL, 3, '用户取消订单', 19900, 19900, 0, '', NULL, '2025-05-18 13:23:46', NULL, '2025-05-18 14:32:01', NULL, NULL, '2025-05-18 14:32:07', 2, 2, 0);
INSERT INTO `order` VALUES (1925027437101035521, 2, NULL, 3, '用户取消订单', 50, 50, 0, '', NULL, '2025-05-21 11:14:51', NULL, '2025-05-21 11:17:23', NULL, NULL, '2025-05-21 11:18:03', 2, 2, 1);
INSERT INTO `order` VALUES (1925028580346671105, 2, NULL, 3, '用户取消订单', 19900, 19900, 0, '', NULL, '2025-05-21 11:19:25', NULL, '2025-05-21 11:19:24', NULL, NULL, '2025-05-21 11:19:35', 2, 2, 1);
INSERT INTO `order` VALUES (1933817771607994369, 2, NULL, 3, '用户取消订单', 10000, 10000, 0, '', NULL, '2025-06-14 17:24:30', NULL, '2025-06-15 19:38:31', NULL, NULL, '2025-06-14 17:24:30', 2, 2, 0);
INSERT INTO `order` VALUES (1934214018877632514, 2, NULL, 1, '下单', 10000, 10000, 0, '', NULL, '2025-06-15 19:39:20', NULL, NULL, NULL, NULL, '2025-06-15 19:39:20', 2, 2, 0);
INSERT INTO `order` VALUES (1934218923004784642, 2, NULL, 1, '下单', 10000, 6900, 3100, '', '[1718915374273617922, 1718915374273617922, 1718940952670351362, 1718940952670351362, 1718940952670351362, 1718538408072617985, 1718962936703705090]', '2025-06-15 19:59:58', NULL, NULL, NULL, NULL, '2025-06-15 19:59:58', 2, 2, 0);
INSERT INTO `order` VALUES (1934220652379209730, 2, 1934221455873581058, 2, '用户支付成功', 10000, 6900, 3100, 'aliPay', '[1718915374273617922, 1718915374273617922, 1718940952670351362, 1718940952670351362, 1718940952670351362, 1718538408072617985, 1718962936703705090]', '2025-06-15 20:06:03', '2025-06-15 20:08:42', NULL, NULL, NULL, '2025-06-15 20:06:03', 2, 2, 0);
INSERT INTO `order` VALUES (1934231489571475457, 2, 1934236432764358658, 2, '用户支付成功', 10000, 6900, 3100, 'aliPay', '[1718915374273617922, 1718915374273617922, 1718940952670351362, 1718940952670351362, 1718940952670351362, 1718538408072617985, 1718962936703705090]', '2025-06-15 21:07:33', '2025-06-15 21:08:33', NULL, NULL, NULL, '2025-06-15 21:07:33', 2, 2, 0);
INSERT INTO `order` VALUES (1934418145876488193, 2, NULL, 1, '下单', 10000, 6900, 3100, '', '[1718915374273617922, 1718915374273617922, 1718940952670351362, 1718940952670351362, 1718940952670351362, 1718538408072617985, 1718962936703705090]', '2025-06-16 09:10:10', NULL, NULL, NULL, NULL, '2025-06-16 09:10:10', 2, 2, 0);
INSERT INTO `order` VALUES (1934433537458024450, 2, NULL, 1, '下单', 10000, 7300, 2700, '', '[1719198981328314285, 1719198981328314287, 1719198981328314293, 1719198981328314294]', '2025-06-16 10:14:14', NULL, NULL, NULL, NULL, '2025-06-16 11:59:47', 2, 2, 0);
INSERT INTO `order` VALUES (1934462374342406145, 2, NULL, 3, '用户取消订单', 10000, 7300, 2700, '', '[1719198981328314285, 1719198981328314287, 1719198981328314293, 1719198981328314294]', '2025-06-16 12:05:54', NULL, '2025-06-16 12:11:15', NULL, NULL, '2025-06-16 12:05:54', 2, 2, 0);
INSERT INTO `order` VALUES (1934463960460406786, 2, NULL, 3, '用户取消订单', 10000, 7300, 2700, '', '[1719198981328314285, 1719198981328314287, 1719198981328314293, 1719198981328314294]', '2025-06-16 12:12:11', NULL, '2025-06-16 12:19:13', NULL, NULL, '2025-06-16 12:12:11', 2, 2, 0);
INSERT INTO `order` VALUES (1934465814112088065, 2, NULL, 3, '用户取消订单', 10000, 7300, 2700, '', '[1719198981328314285, 1719198981328314287, 1719198981328314293, 1719198981328314294]', '2025-06-16 12:19:34', NULL, '2025-06-16 12:50:36', NULL, NULL, '2025-06-16 12:19:34', 2, 2, 0);
INSERT INTO `order` VALUES (1934473114688270337, 2, 1934473143511420930, 6, '学员申请退款', 10000, 8000, 2000, 'aliPay', '[1719198981328314295]', '2025-06-16 12:48:30', '2025-06-16 12:50:14', NULL, NULL, '2025-06-16 13:14:25', '2025-06-16 13:14:27', 2, 2, 0);
INSERT INTO `order` VALUES (1934476296080437250, 2, 1934476333661376514, 6, '学员申请退款', 10000, 7300, 2700, 'aliPay', '[1719198981328314285, 1719198981328314287, 1719198981328314293, 1719198981328314294]', '2025-06-16 13:01:13', '2025-06-16 13:01:31', NULL, NULL, '2025-06-16 17:06:57', '2025-06-16 17:06:57', 2, 2, 0);
INSERT INTO `order` VALUES (1934529308563988481, 2, NULL, 3, '用户取消订单', 10000, 8000, 2000, '', '[1719198981328314296]', '2025-06-16 16:31:46', NULL, '2025-06-16 16:32:12', NULL, NULL, '2025-06-16 16:31:46', 2, 2, 0);
INSERT INTO `order` VALUES (1956987373887717378, 2, NULL, 1, '下单', 96760, 96760, 0, '', NULL, '2025-08-17 15:52:18', NULL, NULL, NULL, NULL, '2025-08-17 15:52:18', 2, 2, 0);

-- ----------------------------
-- Table structure for order_detail
-- ----------------------------
DROP TABLE IF EXISTS `order_detail`;
CREATE TABLE `order_detail`  (
  `id` bigint NOT NULL COMMENT '订单明细id',
  `order_id` bigint NOT NULL COMMENT '订单id',
  `user_id` bigint NOT NULL COMMENT '用户id',
  `course_id` bigint NOT NULL COMMENT '课程id',
  `price` int NOT NULL COMMENT '课程价格',
  `name` varchar(128) CHARACTER SET utf8mb4 COLLATE utf8mb4_0900_ai_ci NOT NULL COMMENT '课程名称',
  `cover_url` varchar(255) CHARACTER SET utf8mb4 COLLATE utf8mb4_0900_ai_ci NOT NULL COMMENT '封面地址',
  `valid_duration` int NULL DEFAULT NULL COMMENT '课程学习有效期，单位月。空则代表永久有效',
  `course_expire_time` datetime NULL DEFAULT NULL COMMENT '课程学习的过期时间，支付成功开始计时',
  `discount_amount` int NOT NULL DEFAULT 0 COMMENT '折扣金额',
  `real_pay_amount` int NOT NULL COMMENT '实付金额',
  `status` tinyint NOT NULL COMMENT '订单详情状态，1：待支付，2：已支付，3：已关闭，4：已完成，5：已报名，6：已申请退款',
  `refund_status` tinyint NULL DEFAULT NULL COMMENT '1：待审批，2：取消退款，3：同意退款，4：拒绝退款，5：退款成功，6：退款失败\'',
  `pay_channel` varchar(50) CHARACTER SET utf8mb4 COLLATE utf8mb4_0900_ai_ci NOT NULL DEFAULT '' COMMENT '支付渠道名称',
  `create_time` datetime NOT NULL DEFAULT CURRENT_TIMESTAMP COMMENT '创建时间',
  `update_time` datetime NOT NULL DEFAULT CURRENT_TIMESTAMP ON UPDATE CURRENT_TIMESTAMP COMMENT '更新时间',
  `creater` bigint NOT NULL COMMENT '创建人',
  `updater` bigint NOT NULL COMMENT '更新人',
  PRIMARY KEY (`id`) USING BTREE,
  INDEX `idx_order`(`order_id` ASC) USING BTREE,
  INDEX `idx_user_course`(`user_id` ASC, `course_id` ASC) USING BTREE,
  INDEX `idx_course_expire_time`(`course_expire_time` ASC) USING BTREE,
  INDEX `idx_pay_channel`(`pay_channel` ASC) USING BTREE
) ENGINE = InnoDB CHARACTER SET = utf8mb4 COLLATE = utf8mb4_0900_ai_ci COMMENT = '订单明细' ROW_FORMAT = Dynamic;

-- ----------------------------
-- Records of order_detail
-- ----------------------------
INSERT INTO `order_detail` VALUES (1564802575625117697, 1564802575146967041, 2, 2, 10000, '课程2', '/img-tx/default-cover-url.jpg', 12, '2023-08-31 15:01:46', 0, 10000, 3, 0, '', '2022-08-31 10:29:42', '2023-03-20 23:33:34', 2, 2);
INSERT INTO `order_detail` VALUES (1564802575641894913, 1564802575146967041, 2, 3, 10000, '课程3', '/img-tx/default-cover-url.jpg', 12, '2023-08-31 15:01:46', 0, 10000, 3, 0, '', '2022-08-31 10:29:42', '2023-03-20 23:33:34', 2, 2);
INSERT INTO `order_detail` VALUES (1564813681781424129, 1564813681701732354, 2, 2, 100, '课程2', '/img-tx/default-cover-url.jpg', 12, NULL, 0, 100, 1, 0, '', '2022-08-31 11:13:50', '2023-03-20 23:33:34', 2, 2);
INSERT INTO `order_detail` VALUES (1564813681789812737, 1564813681701732354, 2, 3, 100, '课程3', '/img-tx/default-cover-url.jpg', 12, NULL, 0, 100, 1, 0, '', '2022-08-31 11:13:50', '2023-03-20 23:33:34', 2, 2);
INSERT INTO `order_detail` VALUES (1564813681798201345, 1564813681701732354, 2, 4, 50, '课程4', '/img-tx/default-cover-url.jpg', 12, NULL, 0, 50, 1, 0, '', '2022-08-31 11:13:50', '2023-03-20 23:33:34', 2, 2);
INSERT INTO `order_detail` VALUES (1564890487339466754, 1564890487310106626, 2, 3, 100, '课程3', '/img-tx/default-cover-url.jpg', 12, NULL, 0, 100, 6, 5, 'aliPay', '2022-08-31 16:19:02', '2023-03-20 23:33:34', 2, 2);
INSERT INTO `order_detail` VALUES (1564890487347855362, 1564890487310106626, 2, 4, 50, '课程4', '/img-tx/default-cover-url.jpg', 12, '2023-08-31 15:01:46', 0, 50, 6, 5, 'aliPay', '2022-08-31 16:19:02', '2023-03-20 23:33:34', 2, 2);
INSERT INTO `order_detail` VALUES (1564936237138165761, 1564936237008142338, 2, 2, 100, '课程2', '/img-tx/default-cover-url.jpg', 12, '2022-08-31 19:33:32', 0, 100, 2, 5, 'aliPay', '2022-08-31 19:20:49', '2023-03-20 23:33:34', 5, 5);
INSERT INTO `order_detail` VALUES (1564936237150748674, 1564936237008142338, 2, 3, 100, '课程3', '/img-tx/default-cover-url.jpg', 12, '2022-08-31 19:33:32', 0, 50, 2, 5, 'aliPay', '2022-08-31 19:20:49', '2023-03-20 23:33:34', 5, 5);
INSERT INTO `order_detail` VALUES (1564966779736895489, 1564966779539763201, 129, 2, 100, '课程2', '/img-tx/default-cover-url.jpg', 12, '2023-08-31 15:01:46', 0, 100, 6, 5, 'aliPay', '2022-08-31 21:22:11', '2023-03-20 23:33:34', 5, 5);
INSERT INTO `order_detail` VALUES (1564966779757867010, 1564966779539763201, 129, 4, 50, '课程4', '/img-tx/default-cover-url.jpg', 12, '2023-08-31 15:01:46', 0, 50, 6, 5, 'aliPay', '2022-08-31 21:22:11', '2023-03-20 23:33:34', 5, 1);
INSERT INTO `order_detail` VALUES (1564972284895084545, 1564972284802809858, 129, 3, 100, '课程3', '/img-tx/default-cover-url.jpg', 12, '2023-08-31 15:01:46', 0, 100, 6, 6, 'wxPay', '2022-08-31 21:44:04', '2023-03-20 23:33:34', 5, 1);
INSERT INTO `order_detail` VALUES (1564976544919633921, 1564976544881885185, 129, 2, 100, '课程2', '/img-tx/default-cover-url.jpg', 12, '2023-08-31 15:01:46', 0, 100, 6, 5, 'wxPay', '2022-08-31 22:00:59', '2023-03-20 23:33:34', 5, 1);
INSERT INTO `order_detail` VALUES (1564976544928022530, 1564976544881885185, 129, 3, 100, '课程3', '/img-tx/default-cover-url.jpg', 12, '2023-08-31 15:01:46', 0, 100, 6, 5, 'wxPay', '2022-08-31 22:00:59', '2023-03-20 23:33:34', 5, 1);
INSERT INTO `order_detail` VALUES (1585094425212628994, 1585094394241888257, 129, 2, 100, '课程2', '/img-tx/default-cover-url.jpg', 12, '2022-10-26 10:34:41', 0, 100, 6, 5, 'wxPay', '2022-10-26 10:22:16', '2023-03-20 23:33:34', 5, 5);
INSERT INTO `order_detail` VALUES (1585120177966587905, 1585119741775749122, 129, 2, 100, '课程2', '/img-tx/default-cover-url.jpg', 12, '2022-10-26 12:16:52', 0, 100, 6, 5, 'wxPay', '2022-10-26 12:04:36', '2023-03-20 23:33:34', 5, 5);
INSERT INTO `order_detail` VALUES (1585159438023565314, 1585159419128225794, 129, 2, 100, '课程2', '/img-tx/default-cover-url.jpg', 12, '2022-10-26 14:53:10', 0, 100, 6, 5, 'aliPay', '2022-10-26 14:40:35', '2023-03-20 23:33:34', 5, 5);
INSERT INTO `order_detail` VALUES (1585167987554402305, 1585167979069325314, 129, 2, 100, '课程2', '/img-tx/default-cover-url.jpg', 12, '2022-10-26 15:26:54', 0, 100, 6, 6, 'wxPay', '2022-10-26 15:14:33', '2025-05-18 13:08:01', 5, 5);
INSERT INTO `order_detail` VALUES (1589930049877413889, 1589930049848053761, 129, 1549025085494521857, 0, 'java泛型', '/img-tx/default-cover-url.jpg', 12, NULL, 0, 0, 5, NULL, '', '2022-11-08 18:37:18', '2023-03-20 23:33:34', 5, 5);
INSERT INTO `order_detail` VALUES (1597502690467774465, 1597502678241378305, 129, 1589905661084430337, 10, '可能是史上最全的微服务技术栈课程', '/img-tx/dafa5df0b10146a6881d3f26e1d091c4.jpg', 9999, NULL, 0, 10, 3, NULL, '', '2022-11-29 16:08:16', '2023-03-20 23:33:34', 129, 129);
INSERT INTO `order_detail` VALUES (1715984047300276226, 1715984046255894530, 2, 1549025085494521857, 0, 'java泛型', '/img-tx/default-cover-url.jpg', 12, NULL, 0, 0, 5, NULL, '', '2023-10-22 14:50:52', '2023-10-22 14:50:52', 2, 2);
INSERT INTO `order_detail` VALUES (1716041035761709057, 1716041035598131202, 2, 1549025085494521857, 0, 'java泛型', '/img-tx/default-cover-url.jpg', 12, NULL, 0, 0, 5, NULL, '', '2023-10-22 18:37:20', '2023-10-22 18:37:20', 2, 2);
INSERT INTO `order_detail` VALUES (1716100167361490946, 1716100167218884609, 2, 1549025085494521857, 0, 'java泛型', '/img-tx/default-cover-url.jpg', 12, NULL, 0, 0, 5, NULL, '', '2023-10-22 22:32:18', '2023-10-22 22:32:18', 2, 2);
INSERT INTO `order_detail` VALUES (1716105683814969345, 1716105683760443393, 2, 1549025085494521857, 0, 'java泛型', '/img-tx/default-cover-url.jpg', 12, NULL, 0, 0, 5, NULL, '', '2023-10-22 22:54:13', '2023-10-22 22:54:13', 2, 2);
INSERT INTO `order_detail` VALUES (1716106628594528258, 1716106628514836481, 2, 1549025085494521857, 0, 'java泛型', '/img-tx/default-cover-url.jpg', 12, NULL, 0, 0, 5, NULL, '', '2023-10-22 22:57:58', '2023-10-22 22:57:58', 2, 2);
INSERT INTO `order_detail` VALUES (1716107459599396865, 1716107459486150657, 2, 1549025085494521857, 0, 'java泛型', '/img-tx/default-cover-url.jpg', 12, NULL, 0, 0, 5, NULL, '', '2023-10-22 23:01:16', '2023-10-22 23:01:16', 2, 2);
INSERT INTO `order_detail` VALUES (1716109949501829122, 1716109949413748738, 2, 1549025085494521857, 0, 'java泛型', '/img-tx/default-cover-url.jpg', 12, NULL, 0, 0, 5, NULL, '', '2023-10-22 23:11:10', '2023-10-22 23:11:10', 2, 2);
INSERT INTO `order_detail` VALUES (1716110577976340481, 1716110577926008833, 2, 1549025085494521857, 0, 'java泛型', '/img-tx/default-cover-url.jpg', 12, NULL, 0, 0, 5, NULL, '', '2023-10-22 23:13:40', '2023-10-22 23:13:40', 2, 2);
INSERT INTO `order_detail` VALUES (1716416133992620034, 1716416132239400961, 2, 1549025085494521857, 0, 'java泛型', '/img-tx/default-cover-url.jpg', 12, NULL, 0, 0, 5, NULL, '', '2023-10-23 19:27:50', '2023-10-23 19:27:50', 2, 2);
INSERT INTO `order_detail` VALUES (1717050110482915329, 1717050109652443137, 129, 1549025085494521857, 0, 'java泛型', '/img-tx/default-cover-url.jpg', 12, NULL, 0, 0, 5, NULL, '', '2023-10-25 13:27:02', '2023-10-25 13:27:02', 129, 129);
INSERT INTO `order_detail` VALUES (1719319659276779521, 1719319170992685057, 2, 10, 10000, '木老师的吉他入门', '/img-tx/b25770f057584cc9b07b009413de6168.jpeg', 12, NULL, 0, 10000, 3, NULL, '', '2023-10-31 19:45:40', '2023-10-31 19:46:07', 2, 2);
INSERT INTO `order_detail` VALUES (1719319659276779522, 1719319170992685057, 2, 1552558707325374467, 32900, '前端工程师2022版12', '/img-tx/d15c718da3a24343b57b06becd79a032.jpg', 34, NULL, 0, 32900, 3, NULL, '', '2023-10-31 19:45:40', '2023-10-31 19:46:07', 2, 2);
INSERT INTO `order_detail` VALUES (1719319685700894722, 1719319670383296514, 2, 10, 10000, '木老师的吉他入门', '/img-tx/b25770f057584cc9b07b009413de6168.jpeg', 12, NULL, 0, 10000, 3, NULL, '', '2023-10-31 19:45:46', '2023-10-31 19:46:12', 2, 2);
INSERT INTO `order_detail` VALUES (1719319685700894723, 1719319670383296514, 2, 1552558707325374467, 32900, '前端工程师2022版12', '/img-tx/d15c718da3a24343b57b06becd79a032.jpg', 34, NULL, 0, 32900, 3, NULL, '', '2023-10-31 19:45:46', '2023-10-31 19:46:12', 2, 2);
INSERT INTO `order_detail` VALUES (1719339357552893953, 1719339341522264065, 2, 5, 10000, '课程5', '/img-tx/default-cover-url.jpg', 12, NULL, 0, 10000, 2, NULL, 'wxPay', '2023-10-31 21:03:56', '2025-06-01 14:10:52', 2, 2);
INSERT INTO `order_detail` VALUES (1719339491388940290, 1719339464688001026, 2, 5, 10000, '课程5', '/img-tx/default-cover-url.jpg', 12, NULL, 0, 10000, 1, NULL, '', '2023-10-31 21:04:28', '2023-10-31 21:04:28', 2, 2);
INSERT INTO `order_detail` VALUES (1719376550782689281, 1719376502464307202, 2, 10, 10000, '木老师的吉他入门', '/img-tx/b25770f057584cc9b07b009413de6168.jpeg', 12, NULL, 0, 10000, 6, 3, '', '2023-10-31 23:31:44', '2025-06-01 12:56:48', 2, 2);
INSERT INTO `order_detail` VALUES (1719376550782689282, 1719376502464307202, 2, 1589905661084430337, 19900, '可能是史上最全的微服务技术栈课程', '/img-tx/dafa5df0b10146a6881d3f26e1d091c4.jpg', 9999, NULL, 0, 19900, 2, NULL, '', '2023-10-31 23:31:44', '2025-06-01 12:54:23', 2, 2);
INSERT INTO `order_detail` VALUES (1719551027046850562, 1719551012345815041, 2, 5, 10000, '课程5', '/img-tx/default-cover-url.jpg', 12, NULL, 0, 10000, 1, NULL, '', '2023-11-01 11:05:05', '2023-11-01 11:05:05', 2, 2);
INSERT INTO `order_detail` VALUES (1719551820651110401, 1719551805551616002, 2, 5, 10000, '课程5', '/img-tx/default-cover-url.jpg', 12, NULL, 0, 10000, 1, NULL, '', '2023-11-01 11:08:14', '2023-11-01 11:08:14', 2, 2);
INSERT INTO `order_detail` VALUES (1719554081376772098, 1719554057179832322, 2, 5, 10000, '课程5', '/img-tx/default-cover-url.jpg', 12, NULL, 0, 10000, 1, NULL, '', '2023-11-01 11:17:13', '2023-11-01 11:17:13', 2, 2);
INSERT INTO `order_detail` VALUES (1719561936528023554, 1719560936928911361, 2, 1, 100, '课程1', '/img-tx/default-cover-url.jpg', 12, NULL, 0, 100, 1, NULL, '', '2023-11-01 11:48:26', '2023-11-01 11:48:26', 2, 2);
INSERT INTO `order_detail` VALUES (1719561936624492546, 1719560936928911361, 2, 1589905661084430337, 19900, '可能是史上最全的微服务技术栈课程', '/img-tx/dafa5df0b10146a6881d3f26e1d091c4.jpg', 9999, NULL, 0, 19900, 1, NULL, '', '2023-11-01 11:48:26', '2023-11-01 11:48:26', 2, 2);
INSERT INTO `order_detail` VALUES (1719562693771862017, 1719562677770592257, 2, 1, 100, '课程1', '/img-tx/default-cover-url.jpg', 12, NULL, 0, 100, 1, NULL, '', '2023-11-01 11:51:26', '2023-11-01 11:51:26', 2, 2);
INSERT INTO `order_detail` VALUES (1719562693771862018, 1719562677770592257, 2, 1589905661084430337, 19900, '可能是史上最全的微服务技术栈课程', '/img-tx/dafa5df0b10146a6881d3f26e1d091c4.jpg', 9999, NULL, 0, 19900, 1, NULL, '', '2023-11-01 11:51:26', '2023-11-01 11:51:26', 2, 2);
INSERT INTO `order_detail` VALUES (1719563258052550658, 1719562796716859393, 2, 1, 100, '课程1', '/img-tx/default-cover-url.jpg', 12, NULL, 0, 100, 4, NULL, '', '2023-11-01 11:53:41', '2025-06-01 12:54:37', 2, 2);
INSERT INTO `order_detail` VALUES (1719563258052550659, 1719562796716859393, 2, 1589905661084430337, 19900, '可能是史上最全的微服务技术栈课程', '/img-tx/dafa5df0b10146a6881d3f26e1d091c4.jpg', 9999, NULL, 0, 19900, 4, NULL, '', '2023-11-01 11:53:41', '2025-06-01 12:54:38', 2, 2);
INSERT INTO `order_detail` VALUES (1719569124927545346, 1719569076877598721, 2, 5, 10000, '课程5', '/img-tx/default-cover-url.jpg', 12, '2025-06-03 15:09:41', 0, 10000, 2, 2, '', '2023-11-01 12:17:00', '2025-06-12 10:18:13', 2, 2);
INSERT INTO `order_detail` VALUES (1719569124927545347, 1719569076877598721, 2, 1589888774267072513, 14900, 'Java程序员的前端课程', '/img-tx/02161b44d8bb42ab9d39e7a459d2f10b.jpg', 9999, '2025-06-10 13:36:41', 0, 14900, 2, NULL, '', '2023-11-01 12:17:00', '2025-06-03 15:14:46', 2, 2);
INSERT INTO `order_detail` VALUES (1719569270272761857, 1719569256532221954, 2, 5, 10000, '课程5', '/img-tx/default-cover-url.jpg', 12, NULL, 0, 10000, 1, NULL, '', '2023-11-01 12:17:34', '2023-11-01 12:17:34', 2, 2);
INSERT INTO `order_detail` VALUES (1719569270272761858, 1719569256532221954, 2, 1589888774267072513, 14900, 'Java程序员的前端课程', '/img-tx/02161b44d8bb42ab9d39e7a459d2f10b.jpg', 9999, NULL, 0, 14900, 1, NULL, '', '2023-11-01 12:17:34', '2023-11-01 12:17:34', 2, 2);
INSERT INTO `order_detail` VALUES (1719569507204800514, 1719569428997808129, 2, 5, 10000, '课程5', '/img-tx/default-cover-url.jpg', 12, NULL, 0, 10000, 1, NULL, '', '2023-11-01 12:18:31', '2023-11-01 12:18:31', 2, 2);
INSERT INTO `order_detail` VALUES (1719569507204800515, 1719569428997808129, 2, 1589888774267072513, 14900, 'Java程序员的前端课程', '/img-tx/02161b44d8bb42ab9d39e7a459d2f10b.jpg', 9999, NULL, 0, 14900, 1, NULL, '', '2023-11-01 12:18:31', '2023-11-01 12:18:31', 2, 2);
INSERT INTO `order_detail` VALUES (1719571214215229442, 1719570753609347073, 2, 5, 10000, '课程5', '/img-tx/default-cover-url.jpg', 12, NULL, 0, 10000, 1, NULL, '', '2023-11-01 12:25:18', '2023-11-01 12:25:18', 2, 2);
INSERT INTO `order_detail` VALUES (1719571214215229443, 1719570753609347073, 2, 1552558707325374467, 32900, '前端工程师2022版12', '/img-tx/d15c718da3a24343b57b06becd79a032.jpg', 34, NULL, 0, 32900, 1, NULL, '', '2023-11-01 12:25:18', '2023-11-01 12:25:18', 2, 2);
INSERT INTO `order_detail` VALUES (1719585933554647042, 1719585286486786050, 2, 5, 10000, '课程5', '/img-tx/default-cover-url.jpg', 12, NULL, 0, 10000, 1, NULL, '', '2023-11-01 13:23:47', '2023-11-01 13:23:47', 2, 2);
INSERT INTO `order_detail` VALUES (1719585933554647043, 1719585286486786050, 2, 1552558707325374467, 32900, '前端工程师2022版12', '/img-tx/d15c718da3a24343b57b06becd79a032.jpg', 34, NULL, 0, 32900, 1, NULL, '', '2023-11-01 13:23:47', '2023-11-01 13:23:47', 2, 2);
INSERT INTO `order_detail` VALUES (1719585967440429057, 1719585946250805250, 2, 5, 10000, '课程5', '/img-tx/default-cover-url.jpg', 12, NULL, 0, 10000, 1, NULL, '', '2023-11-01 13:23:55', '2023-11-01 13:23:55', 2, 2);
INSERT INTO `order_detail` VALUES (1719585967440429058, 1719585946250805250, 2, 1552558707325374467, 32900, '前端工程师2022版12', '/img-tx/d15c718da3a24343b57b06becd79a032.jpg', 34, NULL, 0, 32900, 1, NULL, '', '2023-11-01 13:23:55', '2023-11-01 13:23:55', 2, 2);
INSERT INTO `order_detail` VALUES (1719586179475079169, 1719586097530961922, 2, 5, 10000, '课程5', '/img-tx/default-cover-url.jpg', 12, NULL, 0, 10000, 1, NULL, '', '2023-11-01 13:24:46', '2023-11-01 13:24:46', 2, 2);
INSERT INTO `order_detail` VALUES (1719586179475079170, 1719586097530961922, 2, 1552558707325374467, 32900, '前端工程师2022版12', '/img-tx/d15c718da3a24343b57b06becd79a032.jpg', 34, NULL, 0, 32900, 1, NULL, '', '2023-11-01 13:24:46', '2023-11-01 13:24:46', 2, 2);
INSERT INTO `order_detail` VALUES (1719587947386798082, 1719587933876944897, 2, 5, 10000, '课程5', '/img-tx/default-cover-url.jpg', 12, NULL, 0, 10000, 1, NULL, '', '2023-11-01 13:31:47', '2023-11-01 13:31:47', 2, 2);
INSERT INTO `order_detail` VALUES (1719587947386798083, 1719587933876944897, 2, 1552558707325374467, 32900, '前端工程师2022版12', '/img-tx/d15c718da3a24343b57b06becd79a032.jpg', 34, NULL, 0, 32900, 1, NULL, '', '2023-11-01 13:31:47', '2023-11-01 13:31:47', 2, 2);
INSERT INTO `order_detail` VALUES (1719590674435178498, 1719590651676884993, 2, 1, 100, '课程1', '/img-tx/default-cover-url.jpg', 12, NULL, 0, 100, 1, NULL, '', '2023-11-01 13:42:37', '2023-11-01 13:42:37', 2, 2);
INSERT INTO `order_detail` VALUES (1719590674435178499, 1719590651676884993, 2, 5, 10000, '课程5', '/img-tx/default-cover-url.jpg', 12, NULL, 0, 10000, 1, NULL, '', '2023-11-01 13:42:37', '2023-11-01 13:42:37', 2, 2);
INSERT INTO `order_detail` VALUES (1719591169648263170, 1719590686187618305, 2, 1, 100, '课程1', '/img-tx/default-cover-url.jpg', 12, NULL, 0, 100, 1, NULL, '', '2023-11-01 13:44:36', '2023-11-01 13:44:36', 2, 2);
INSERT INTO `order_detail` VALUES (1719591169648263171, 1719590686187618305, 2, 5, 10000, '课程5', '/img-tx/default-cover-url.jpg', 12, NULL, 0, 10000, 1, NULL, '', '2023-11-01 13:44:36', '2023-11-01 13:44:36', 2, 2);
INSERT INTO `order_detail` VALUES (1719591395410870274, 1719591177978150914, 2, 1, 100, '课程1', '/img-tx/default-cover-url.jpg', 12, NULL, 0, 100, 1, NULL, '', '2023-11-01 13:45:29', '2023-11-01 13:45:29', 2, 2);
INSERT INTO `order_detail` VALUES (1719591395410870275, 1719591177978150914, 2, 5, 10000, '课程5', '/img-tx/default-cover-url.jpg', 12, NULL, 0, 10000, 1, NULL, '', '2023-11-01 13:45:29', '2023-11-01 13:45:29', 2, 2);
INSERT INTO `order_detail` VALUES (1719591577565298690, 1719591565682835457, 2, 1, 100, '课程1', '/img-tx/default-cover-url.jpg', 12, NULL, 0, 100, 1, NULL, '', '2023-11-01 13:46:13', '2023-11-01 13:46:13', 2, 2);
INSERT INTO `order_detail` VALUES (1719591577565298691, 1719591565682835457, 2, 5, 10000, '课程5', '/img-tx/default-cover-url.jpg', 12, NULL, 0, 10000, 1, NULL, '', '2023-11-01 13:46:13', '2023-11-01 13:46:13', 2, 2);
INSERT INTO `order_detail` VALUES (1719592690221850626, 1719592679048224770, 2, 1, 100, '课程1', '/img-tx/default-cover-url.jpg', 12, '2025-06-03 14:49:06', 0, 100, 2, NULL, 'aliPay', '2023-11-01 13:50:38', '2023-11-01 13:50:38', 2, 2);
INSERT INTO `order_detail` VALUES (1719592690221850627, 1719592679048224770, 2, 5, 10000, '课程5', '/img-tx/default-cover-url.jpg', 12, '2025-06-03 14:49:06', 0, 10000, 6, 5, 'aliPay', '2023-11-01 13:50:38', '2025-06-03 14:52:52', 2, 2);
INSERT INTO `order_detail` VALUES (1719592795322720257, 1719592705925324802, 2, 1, 100, '课程1', '/img-tx/default-cover-url.jpg', 12, NULL, 0, 100, 3, NULL, '', '2023-11-01 13:51:03', '2025-06-01 14:30:04', 2, 2);
INSERT INTO `order_detail` VALUES (1719592795322720258, 1719592705925324802, 2, 5, 10000, '课程5', '/img-tx/default-cover-url.jpg', 12, NULL, 0, 10000, 3, NULL, '', '2023-11-01 13:51:03', '2025-06-01 14:30:04', 2, 2);
INSERT INTO `order_detail` VALUES (1719593419036696577, 1719592804386611201, 2, 1, 100, '课程1', '/img-tx/default-cover-url.jpg', 12, NULL, 0, 100, 1, NULL, '', '2023-11-01 13:53:32', '2025-06-01 13:34:21', 2, 2);
INSERT INTO `order_detail` VALUES (1719593419103805441, 1719592804386611201, 2, 5, 10000, '课程5', '/img-tx/default-cover-url.jpg', 12, NULL, 0, 10000, 1, NULL, '', '2023-11-01 13:53:32', '2025-06-01 13:34:22', 2, 2);
INSERT INTO `order_detail` VALUES (1719594845666291714, 1719594835126005762, 2, 1, 100, '课程1', '/img-tx/default-cover-url.jpg', 12, NULL, 0, 100, 1, NULL, '', '2023-11-01 13:59:12', '2023-11-01 13:59:12', 2, 2);
INSERT INTO `order_detail` VALUES (1719594845695651841, 1719594835126005762, 2, 5, 10000, '课程5', '/img-tx/default-cover-url.jpg', 12, NULL, 0, 10000, 1, NULL, '', '2023-11-01 13:59:12', '2023-11-01 13:59:12', 2, 2);
INSERT INTO `order_detail` VALUES (1719600996927680513, 1719594860807729154, 2, 1, 100, '课程1', '/img-tx/default-cover-url.jpg', 12, NULL, 0, 100, 3, NULL, '', '2023-11-01 14:23:39', '2023-11-01 14:36:18', 2, 2);
INSERT INTO `order_detail` VALUES (1719600996927680514, 1719594860807729154, 2, 5, 10000, '课程5', '/img-tx/default-cover-url.jpg', 12, NULL, 0, 10000, 3, NULL, '', '2023-11-01 14:23:39', '2023-11-01 14:36:18', 2, 2);
INSERT INTO `order_detail` VALUES (1923972736662228993, 1923972695566438401, 2, 1589905661084430337, 19900, '可能是史上最全的微服务技术栈课程', '/img-tx/dafa5df0b10146a6881d3f26e1d091c4.jpg', 9999, NULL, 0, 19900, 3, NULL, '', '2025-05-18 13:23:46', '2025-05-18 14:32:08', 2, 2);
INSERT INTO `order_detail` VALUES (1925027440431312898, 1925027437101035521, 2, 4, 50, '课程4', '/img-tx/default-cover-url.jpg', 12, NULL, 0, 50, 3, NULL, '', '2025-05-21 11:14:51', '2025-05-21 11:17:33', 2, 2);
INSERT INTO `order_detail` VALUES (1925028589435727873, 1925028580346671105, 2, 1589905661084430337, 19900, '可能是史上最全的微服务技术栈课程', '/img-tx/dafa5df0b10146a6881d3f26e1d091c4.jpg', 9999, NULL, 0, 19900, 3, NULL, '', '2025-05-21 11:19:25', '2025-05-21 11:19:34', 2, 2);
INSERT INTO `order_detail` VALUES (1933817815794987010, 1933817771607994369, 2, 8, 10000, '课程8', 'http://192.168.150.101:9000/tianji/2025/06/10/cbf6e8ffc50c4d40a6545613ebdb57ff.jpg', 12, NULL, 0, 10000, 3, NULL, '', '2025-06-14 17:24:30', '2025-06-15 19:38:32', 2, 2);
INSERT INTO `order_detail` VALUES (1934214132803317761, 1934214018877632514, 2, 8, 10000, '课程8', 'http://192.168.150.101:9000/tianji/2025/06/10/cbf6e8ffc50c4d40a6545613ebdb57ff.jpg', 12, NULL, 0, 10000, 1, NULL, '', '2025-06-15 19:39:20', '2025-06-15 19:39:20', 2, 2);
INSERT INTO `order_detail` VALUES (1934219324458397698, 1934218923004784642, 2, 10, 10000, '木老师的吉他入门', '/img-tx/b25770f057584cc9b07b009413de6168.jpeg', 12, NULL, 3100, 6900, 1, NULL, '', '2025-06-15 19:59:58', '2025-06-15 19:59:58', 2, 2);
INSERT INTO `order_detail` VALUES (1934220854569828354, 1934220652379209730, 2, 10, 10000, '木老师的吉他入门', '/img-tx/b25770f057584cc9b07b009413de6168.jpeg', 12, '2025-06-15 20:20:42', 3100, 6900, 2, NULL, 'aliPay', '2025-06-15 20:06:03', '2025-06-15 20:06:03', 2, 2);
INSERT INTO `order_detail` VALUES (1934236332834967553, 1934231489571475457, 2, 8, 10000, '课程8', 'http://192.168.150.101:9000/tianji/2025/06/10/cbf6e8ffc50c4d40a6545613ebdb57ff.jpg', 12, '2025-06-15 21:20:33', 3100, 6900, 2, NULL, 'aliPay', '2025-06-15 21:07:33', '2025-06-15 21:07:33', 2, 2);
INSERT INTO `order_detail` VALUES (1934418182077526017, 1934418145876488193, 2, 10, 10000, '木老师的吉他入门', '/img-tx/b25770f057584cc9b07b009413de6168.jpeg', 12, NULL, 3100, 6900, 1, NULL, '', '2025-06-16 09:10:11', '2025-06-16 09:10:11', 2, 2);
INSERT INTO `order_detail` VALUES (1934434305003089922, 1934433537458024450, 2, 10, 10000, '木老师的吉他入门', '/img-tx/b25770f057584cc9b07b009413de6168.jpeg', 12, NULL, 2700, 7300, 1, NULL, '', '2025-06-16 10:14:15', '2025-06-16 10:14:15', 2, 2);
INSERT INTO `order_detail` VALUES (1934462406193950721, 1934462374342406145, 2, 10, 10000, '木老师的吉他入门', '/img-tx/b25770f057584cc9b07b009413de6168.jpeg', 12, NULL, 2700, 7300, 3, NULL, '', '2025-06-16 12:05:54', '2025-06-16 12:11:16', 2, 2);
INSERT INTO `order_detail` VALUES (1934463986196656130, 1934463960460406786, 2, 10, 10000, '木老师的吉他入门', '/img-tx/b25770f057584cc9b07b009413de6168.jpeg', 12, NULL, 2700, 7300, 3, NULL, '', '2025-06-16 12:12:11', '2025-06-16 12:19:14', 2, 2);
INSERT INTO `order_detail` VALUES (1934465843593850882, 1934465814112088065, 2, 10, 10000, '木老师的吉他入门', '/img-tx/b25770f057584cc9b07b009413de6168.jpeg', 12, NULL, 2700, 7300, 3, NULL, '', '2025-06-16 12:19:34', '2025-06-16 12:50:37', 2, 2);
INSERT INTO `order_detail` VALUES (1934473126373601282, 1934473114688270337, 2, 10, 10000, '木老师的吉他入门', '/img-tx/b25770f057584cc9b07b009413de6168.jpeg', 12, '2025-06-16 13:02:14', 2000, 8000, 6, 3, 'aliPay', '2025-06-16 12:48:30', '2025-06-16 16:07:41', 2, 2);
INSERT INTO `order_detail` VALUES (1934476326677884930, 1934476296080437250, 2, 10, 10000, '木老师的吉他入门', '/img-tx/b25770f057584cc9b07b009413de6168.jpeg', 12, '2025-06-16 13:13:31', 2700, 7300, 6, 6, 'aliPay', '2025-06-16 13:01:13', '2025-06-16 17:19:36', 2, 2);
INSERT INTO `order_detail` VALUES (1934529323025948673, 1934529308563988481, 2, 10, 10000, '木老师的吉他入门', '/img-tx/b25770f057584cc9b07b009413de6168.jpeg', 12, NULL, 2000, 8000, 3, NULL, '', '2025-06-16 16:31:47', '2025-06-16 16:32:11', 2, 2);
INSERT INTO `order_detail` VALUES (1956987432926740482, 1956987373887717378, 2, 1552558707325374468, 96760, '日语从入门到起飞', 'http://192.168.150.101:9000/tianji/2025/06/10/080cede7d89340fab18d06557054b3d9.jpg', 34, NULL, 0, 96760, 1, NULL, '', '2025-08-17 15:52:18', '2025-08-17 15:52:18', 2, 2);

-- ----------------------------
-- Table structure for refund_apply
-- ----------------------------
DROP TABLE IF EXISTS `refund_apply`;
CREATE TABLE `refund_apply`  (
  `id` bigint NOT NULL COMMENT '退款id',
  `order_detail_id` bigint NOT NULL COMMENT '订单明细id',
  `order_id` bigint NOT NULL COMMENT '订单id',
  `pay_order_no` bigint NULL DEFAULT NULL COMMENT '流水支付单号',
  `refund_order_no` bigint NULL DEFAULT NULL COMMENT '流水退款单号',
  `user_id` bigint NOT NULL DEFAULT 0 COMMENT '订单所属用户id',
  `refund_amount` bigint NOT NULL COMMENT '退款金额',
  `status` int NOT NULL DEFAULT 1 COMMENT '退款状态，1：待审批，2：取消退款，3：同意退款，4：拒绝退款，5：退款成功，6：退款失败',
  `refund_reason` varchar(255) CHARACTER SET utf8mb4 COLLATE utf8mb4_0900_ai_ci NOT NULL COMMENT '申请退款原因',
  `message` varchar(255) CHARACTER SET utf8mb4 COLLATE utf8mb4_0900_ai_ci NOT NULL COMMENT '退款状态描述',
  `approver` bigint NULL DEFAULT NULL COMMENT '审批人id',
  `approve_opinion` varchar(255) CHARACTER SET utf8mb4 COLLATE utf8mb4_0900_ai_ci NULL DEFAULT NULL COMMENT '审批意见',
  `remark` varchar(255) CHARACTER SET utf8mb4 COLLATE utf8mb4_0900_ai_ci NULL DEFAULT NULL COMMENT '审批备注',
  `failed_reason` varchar(255) CHARACTER SET utf8mb4 COLLATE utf8mb4_0900_ai_ci NULL DEFAULT NULL COMMENT '退款失败原因',
  `question_desc` varchar(255) CHARACTER SET utf8mb4 COLLATE utf8mb4_0900_ai_ci NULL DEFAULT NULL COMMENT '退款问题说明',
  `refund_channel` varchar(50) CHARACTER SET utf8mb4 COLLATE utf8mb4_0900_ai_ci NULL DEFAULT NULL COMMENT '退款渠道',
  `create_time` datetime NOT NULL DEFAULT CURRENT_TIMESTAMP COMMENT '创建退款申请时间',
  `approve_time` datetime NULL DEFAULT NULL COMMENT '审批时间',
  `finish_time` datetime NULL DEFAULT NULL COMMENT '退款完成时间（成功或失败）',
  `update_time` datetime NOT NULL DEFAULT CURRENT_TIMESTAMP ON UPDATE CURRENT_TIMESTAMP COMMENT '更新时间',
  `creater` bigint NOT NULL COMMENT '创建人',
  `updater` bigint NOT NULL COMMENT '更新人',
  PRIMARY KEY (`id`) USING BTREE
) ENGINE = InnoDB CHARACTER SET = utf8mb4 COLLATE = utf8mb4_0900_ai_ci COMMENT = '退款申请' ROW_FORMAT = Dynamic;

-- ----------------------------
-- Records of refund_apply
-- ----------------------------
INSERT INTO `refund_apply` VALUES (1564900201800413155, 1564890487339466754, 1564890487310106626, NULL, 1564905916325769217, 2, 100, 5, '不想学了', '退款成功', 1, '同意', '尚未学习', NULL, NULL, 'ALIPAYACCOUNT', '2022-08-31 18:09:44', '2022-08-31 18:12:21', '2022-08-31 18:15:26', '2022-08-31 18:32:52', 2, 1);
INSERT INTO `refund_apply` VALUES (1564924473382125569, 1564890487347855362, 1564890487310106626, NULL, 1564924474254438402, 2, 50, 5, '买错了', '退款成功', 1, '同意', '尚未学习', NULL, NULL, 'ALIPAYACCOUNT', '2022-08-31 18:34:04', '2022-08-31 19:12:21', '2022-08-31 19:15:21', '2022-09-05 15:04:04', 2, 1);
INSERT INTO `refund_apply` VALUES (1564937691953385474, 1564936237138165761, 1564936237008142338, NULL, 1564955175427305473, 5, 100, 5, '后悔了', '退款成功', 1, '同意', '课还没学习', NULL, NULL, 'ALIPAYACCOUNT', '2022-08-31 19:26:36', '2022-08-31 20:36:03', '2022-08-31 21:10:16', '2022-11-03 19:55:39', 5, 2);
INSERT INTO `refund_apply` VALUES (1564938139590479873, 1564936237150748674, 1564936237008142338, NULL, 1564964859169337345, 129, 50, 5, '后悔了2', '退款成功', 1, '同意', '课还没学习', NULL, NULL, 'ALIPAYACCOUNT', '2022-08-31 19:28:23', '2022-08-31 21:14:33', '2022-08-31 21:14:35', '2022-11-29 15:23:24', 5, 2);
INSERT INTO `refund_apply` VALUES (1564967572783312897, 1564966779736895489, 1564966779539763201, NULL, NULL, 129, 100, 4, '后悔了2', '拒绝退款', 1, '拒绝', '频繁退款', NULL, NULL, NULL, '2022-08-31 21:25:20', '2022-08-31 21:26:31', NULL, '2022-11-29 15:23:25', 5, 2);
INSERT INTO `refund_apply` VALUES (1564970494694834177, 1564966779736895489, 1564966779539763201, NULL, 1564970934861950978, 129, 100, 5, '后悔了2', '退款成功', 1, '同意', '被你的诚意打动了', NULL, NULL, 'ALIPAYACCOUNT', '2022-08-31 21:36:57', '2022-08-31 21:38:41', '2022-08-31 21:38:43', '2022-11-29 15:23:26', 5, 2);
INSERT INTO `refund_apply` VALUES (1564971934364516354, 1564966779757867010, 1564966779539763201, NULL, 1564971934540754946, 129, 50, 5, '学生我认识', '退款成功', 1, '同意', NULL, NULL, NULL, 'ALIPAYACCOUNT', '2022-08-31 21:42:40', NULL, '2022-08-31 21:42:41', '2022-11-29 15:23:29', 1, 0);
INSERT INTO `refund_apply` VALUES (1564972829177331714, 1564972284895084545, 1564972284802809858, NULL, 1564972829353570305, 129, 100, 6, '学生我认识', '退款失败', 1, NULL, NULL, NULL, NULL, 'ORIGINAL', '2022-08-31 21:46:13', NULL, '2022-09-03 18:14:29', '2022-11-29 15:23:29', 1, 0);
INSERT INTO `refund_apply` VALUES (1564977011280101377, 1564976544919633921, 1564976544881885185, NULL, 1564977011519184897, 129, 100, 5, '学生我认识', '退款成功', 1, '同意', NULL, NULL, NULL, 'ORIGINAL', '2022-08-31 22:02:50', NULL, '2022-09-03 18:14:29', '2022-11-29 15:23:30', 1, 0);
INSERT INTO `refund_apply` VALUES (1564977356685230082, 1564976544928022530, 1564976544881885185, NULL, 1564977356857204738, 129, 100, 5, '学生我认识', '退款成功', 1, '同意', NULL, NULL, NULL, 'ORIGINAL', '2022-08-31 22:04:13', NULL, '2022-09-03 18:14:29', '2022-11-29 15:23:34', 1, 0);
INSERT INTO `refund_apply` VALUES (1566756253126975489, 1566734268023988225, 1566734267944296450, NULL, 1566757591042822145, 2, 100, 5, '课程内容不感兴趣', '退款成功', 1, '同意', '被你的诚意打动了', NULL, NULL, 'ORIGINAL', '2022-09-05 19:52:54', '2022-09-05 19:58:13', '2022-09-05 20:03:30', '2022-09-05 20:03:29', 2, 1);
INSERT INTO `refund_apply` VALUES (1566760126075985921, 1566759758885642242, 1566759758852087809, NULL, 1566762087391260673, 2, 100, 5, '由于技术故障引发课程无法学习', '退款成功', 1, '同意', '被你的诚意打动了', NULL, NULL, 'ORIGINAL', '2022-09-05 20:08:17', '2022-09-05 20:16:05', '2022-09-05 20:16:21', '2022-09-05 20:16:20', 2, 1);
INSERT INTO `refund_apply` VALUES (1566761403136720898, 1566759758894030849, 1566759758852087809, NULL, 1566764853954179073, 2, 100, 5, '个人原因（个人网络原因，计划有变，账号异常等）', '退款成功', 1, '同意', '被你的诚意打动了', NULL, NULL, 'ORIGINAL', '2022-09-05 20:13:22', '2022-09-05 20:27:05', '2022-09-05 20:27:21', '2022-09-05 20:27:21', 2, 1);
INSERT INTO `refund_apply` VALUES (1566761696473759745, 1566734268032376833, 1566734267944296450, NULL, 1566764874791481345, 2, 50, 5, '由于技术故障引发课程无法学习', '退款成功', 1, '同意', '被你的诚意打动了', NULL, NULL, 'ORIGINAL', '2022-09-05 20:14:32', '2022-09-05 20:27:10', '2022-09-05 20:27:25', '2022-09-05 20:27:25', 2, 1);
INSERT INTO `refund_apply` VALUES (1566765549709426690, 1566765110351888385, 1566765110318333954, NULL, 1566769410230808578, 2, 50, 5, '课程内容不感兴趣', '退款成功', 1, '同意', '被你的诚意打动了', NULL, NULL, 'ALIPAYACCOUNT', '2022-09-05 20:29:50', '2022-09-05 20:45:11', '2022-09-05 20:45:13', '2022-09-05 20:45:12', 2, 1);
INSERT INTO `refund_apply` VALUES (1566766917211914241, 1566766774924345346, 1566766774903373825, NULL, 1566769554514866178, 2, 100, 5, '其他', '退款成功', 1, '同意', '被你的诚意打动了', NULL, NULL, 'ALIPAYACCOUNT', '2022-09-05 20:35:16', '2022-09-05 20:45:46', '2022-09-05 20:45:47', '2022-09-05 20:45:47', 2, 1);
INSERT INTO `refund_apply` VALUES (1585098353484537858, 1585094425212628994, 1585094394241888257, NULL, 1585119251402874881, 129, 100, 5, '课程内容不感兴趣', '退款成功', 1, '同意', '被你的诚意打动了', NULL, NULL, 'ORIGINAL', '2022-10-26 10:37:53', '2022-10-26 12:00:54', '2022-10-26 12:01:09', '2022-11-29 15:23:36', 5, 5);
INSERT INTO `refund_apply` VALUES (1585157751812694018, 1585120177966587905, 1585119741775749122, NULL, 1585159247224659969, 129, 100, 5, '由于技术故障引发课程无法学习', '退款成功', 1, '同意', '被你的诚意打动了', NULL, NULL, 'ORIGINAL', '2022-10-26 14:33:53', '2022-10-26 14:39:50', '2022-10-26 14:40:05', '2022-11-29 15:23:37', 5, 5);
INSERT INTO `refund_apply` VALUES (1585159965629235201, 1585159438023565314, 1585159419128225794, NULL, 1585160031853109250, 129, 100, 5, '个人原因（个人网络原因，计划有变，账号异常等）', '退款成功', 1, '同意', '被你的诚意打动了', NULL, NULL, 'ALIPAYACCOUNT', '2022-10-26 14:42:41', '2022-10-26 14:42:57', '2022-10-26 14:42:58', '2022-11-29 15:23:41', 5, 5);
INSERT INTO `refund_apply` VALUES (1588158959359934465, 1577886182530924546, 1577886182488981505, NULL, 1588164197009612801, 2, 100, 5, '课程内容不感兴趣', '退款成功', 1, NULL, '好吧，这是我侄子', NULL, '是的', 'ALIPAYACCOUNT', '2022-11-03 20:35:13', '2022-11-03 21:30:02', '2022-11-03 21:40:28', '2022-11-03 20:57:48', 2, 2);
INSERT INTO `refund_apply` VALUES (1923968762651463681, 1585167987554402305, 1585167979069325314, NULL, 1923968789447270401, 129, 100, 6, '课程内容不感兴趣', '退款失败', NULL, NULL, NULL, '订单已全额退款', '666', NULL, '2025-05-18 13:07:58', NULL, '2025-05-18 13:07:56', '2025-05-18 13:08:01', 1, 1);
INSERT INTO `refund_apply` VALUES (1929038995514806273, 1719376550782689281, 1719376502464307202, NULL, NULL, 2, 10000, 3, '个人原因（个人网络原因，计划有变，账号异常等）', '同意退款', 1, NULL, '2025年6月1日12:56:46', NULL, '2025年6月1日12:55:09', NULL, '2025-06-01 12:55:10', '2025-06-01 13:00:57', NULL, '2025-06-01 13:00:56', 2, 2);
INSERT INTO `refund_apply` VALUES (1929790840818487297, 1719592690221850627, 1719592679048224770, NULL, 1929793364925468674, 2, 10000, 5, '由于技术故障引发课程无法学习', '退款成功', 1, NULL, '6666666666666666666666666666666', NULL, '666', 'ALIPAYACCOUNT', '2025-06-03 14:42:47', '2025-06-03 14:52:46', '2025-06-03 14:52:50', '2025-06-03 14:52:52', 2, 2);
INSERT INTO `refund_apply` VALUES (1929794726555930625, 1719569124927545346, 1719569076877598721, NULL, NULL, 2, 10000, 2, '未使用优惠券', '学员取消退款', NULL, NULL, NULL, '用户取消退款', '666', NULL, '2025-06-03 14:58:13', NULL, NULL, '2025-06-12 10:28:46', 2, 2);
INSERT INTO `refund_apply` VALUES (1934479654275100673, 1934473126373601282, 1934473114688270337, NULL, NULL, 2, 8000, 3, '未使用优惠券', '同意退款', 1, NULL, '666', NULL, '66666', NULL, '2025-06-16 13:14:27', '2025-06-16 13:15:11', NULL, '2025-06-16 13:15:12', 2, 2);
INSERT INTO `refund_apply` VALUES (1934538174605406210, 1934476326677884930, 1934476296080437250, NULL, 1934541132319498241, 2, 7300, 6, '课程内容不感兴趣', '退款失败', 1, NULL, '2025年6月16日17:18:29', '交易不存在', '333', NULL, '2025-06-16 17:06:57', '2025-06-16 17:18:32', '2025-08-10 15:37:55', '2025-08-10 15:37:59', 2, 2);

-- ----------------------------
-- Table structure for undo_log
-- ----------------------------
DROP TABLE IF EXISTS `undo_log`;
CREATE TABLE `undo_log`  (
  `branch_id` bigint NOT NULL COMMENT 'branch transaction id',
  `xid` varchar(100) CHARACTER SET utf8 COLLATE utf8_general_ci NOT NULL COMMENT 'global transaction id',
  `context` varchar(128) CHARACTER SET utf8 COLLATE utf8_general_ci NOT NULL COMMENT 'undo_log context,such as serialization',
  `rollback_info` longblob NOT NULL COMMENT 'rollback info',
  `log_status` int NOT NULL COMMENT '0:normal status,1:defense status',
  `log_created` datetime(6) NOT NULL COMMENT 'create datetime',
  `log_modified` datetime(6) NOT NULL COMMENT 'modify datetime',
  UNIQUE INDEX `ux_undo_log`(`xid` ASC, `branch_id` ASC) USING BTREE
) ENGINE = InnoDB CHARACTER SET = utf8 COLLATE = utf8_general_ci COMMENT = 'AT transaction mode undo table' ROW_FORMAT = COMPACT;

-- ----------------------------
-- Records of undo_log
-- ----------------------------

SET FOREIGN_KEY_CHECKS = 1;
